Название лампы,Цена,Ссылка
Подвесной светильник Ферум Orange,7340руб.,https://www.divan.ru/product/podvesnoj-svetilnik-ferum-orange
Светильник потолочный Ринга Black,5870руб.,https://www.divan.ru/product/svetilnik-potolochnyj-ringa-black
Торшер Бьйорк White,13 220руб.,https://www.divan.ru/product/torsher-bjork-white
Подвесной светильник Тубули-5 Wood,18 370руб.,https://www.divan.ru/product/podvesnoj-svetilnik-tubuli-5-wood
Бра Смастен White,5430руб.,https://www.divan.ru/product/bra-smasten-white
Настольная лампа Арвика Wood,8370руб.,https://www.divan.ru/product/nastolnaya-lampa-arvika-wood
Подвесной светильник Инлада Wood,13 960руб.,https://www.divan.ru/product/podvesnoj-svetilnik-inlada-wood
Настольная лампа Алней Orange,5870руб.,https://www.divan.ru/product/nastolnaya-lampa-alnej-orange
Подвесной светильник Намсен Black,15 430руб.,https://www.divan.ru/product/podvesnoj-svetilnik-namsen-black
Люстра Ливсден Brown,27 920руб.,https://www.divan.ru/product/lyustra-livsden-brown
Торшер Логмар Silver,26 450руб.,https://www.divan.ru/product/torsher-logmar-silver
Подвесной светильник Гронтри-1 Wood,19 540руб.,https://www.divan.ru/product/podvesnoj-svetilnik-grontri-1-wood
Бра Бракетт White,6310руб.,https://www.divan.ru/product/bra-brakett-white
Подвесной светильник Отра Wood,24 250руб.,https://www.divan.ru/product/podvesnoj-svetilnik-otra-wood
Подвесной светильник Кронор Orange,11 310руб.,https://www.divan.ru/product/podvesnoj-svetilnik-kronor-orange
Светильник потолочный Орхус White,23 510руб.,https://www.divan.ru/product/svetilnik-potolochnyj-orhus-white
Подвесной светильник Рена Green,5430руб.,https://www.divan.ru/product/podvesnoj-svetilnik-rena-green
Светильник потолочный Ринга White,5870руб.,https://www.divan.ru/product/svetilnik-potolochnyj-ringa-white
Бра Берит Black,7340руб.,https://www.divan.ru/product/bra-berit-black
Подвесной светильник Кронор Black,11 020руб.,https://www.divan.ru/product/podvesnoj-svetilnik-kronor-black
Настольная лампа Бьйорк White,4840руб.,https://www.divan.ru/product/nastolnaya-lampa-bjork-white
Подвесной светильник Селау-2 Glass,5430руб.,https://www.divan.ru/product/podvesnoj-svetilnik-selau-2-glass
Подвесной светильник Джамби Rattan,20 130руб.,https://www.divan.ru/product/podvesnoj-svetilnik-djambi-rattan
Бра Пинна Black,8810руб.,https://www.divan.ru/product/bra-pinna-black
Подвесной светильник Бьйорк White,11 750руб.,https://www.divan.ru/product/podvesnoj-svetilnik-bjork-white
Торшер Осло Blue,26 450руб.,https://www.divan.ru/product/torsher-oslo-blue
Торшер Логмар Black,26 450руб.,https://www.divan.ru/product/torsher-logmar-black
Бра Бьйорк White,3670руб.,https://www.divan.ru/product/bra-bjork-white
Подвесной светильник Арвика Wood,11 310руб.,https://www.divan.ru/product/podvesnoj-svetilnik-arvika-wood
Подвесной светильник Бенфлит Black,9550руб.,https://www.divan.ru/product/podvesnoj-svetilnik-benflit-black
Светильник потолочный Орхус Black,23 510руб.,https://www.divan.ru/product/svetilnik-potolochnyj-orhus-black
Настольная лампа Требен Orange,4400руб.,https://www.divan.ru/product/nastolnaya-lampa-treben-orange
Настольная лампа Сканди White,6900руб.,https://www.divan.ru/product/nastolnaya-lampa-skandi-white
Подвесной светильник Ливсден Brown,6900руб.,https://www.divan.ru/product/podvesnoj-svetilnik-livsden-brown
Подвесной светильник Бейла Black,8810руб.,https://www.divan.ru/product/podvesnoj-svetilnik-bejla-black
Светильник потолочный Лаго White,15 130руб.,https://www.divan.ru/product/svetilnik-potolochnyj-lago-white
Подвесной светильник Чинкве Silver,7780руб.,https://www.divan.ru/product/podvesnoj-svetilnik-chinkve-silver
Торшер Энкель Black,7780руб.,https://www.divan.ru/product/torsher-enkel-black
Люстра Малинг Multi,24 980руб.,https://www.divan.ru/product/lyustra-maling-multi
Подвесной светильник Джамби-1 Rattan,14 250руб.,https://www.divan.ru/product/podvesnoj-svetilnik-djambi-1-rattan
Подвесной светильник Селау-1 Glass,5870руб.,https://www.divan.ru/product/podvesnoj-svetilnik-selau-1-glass
Подвесной светильник Ферум Black,4400руб.,https://www.divan.ru/product/podvesnoj-svetilnik-ferum-black
Бра Смастен Black,5430руб.,https://www.divan.ru/product/bra-smasten-black
Подвесной светильник Кронор White,11 020руб.,https://www.divan.ru/product/podvesnoj-svetilnik-kronor-white
Подвесной светильник Тубули Wood,3960руб.,https://www.divan.ru/product/podvesnoj-svetilnik-tubuli-wood
Настольная лампа Требен White,4400руб.,https://www.divan.ru/product/nastolnaya-lampa-treben-white
Подвесной светильник Ферум Grey,3670руб.,https://www.divan.ru/product/podvesnoj-svetilnik-ferum-grey
Подвесной светильник Квина Black,9550руб.,https://www.divan.ru/product/podvesnoj-svetilnik-kvina-black
